{
  "rm_score_mean": 0.20961761474609375,
  "rm_win_rate_vs_sft": 0.0625,
  "kl_from_reference": -0.0005260498905099874,
  "num_eval_prompts": 16,
  "preference_accuracy": 0.5,
  "num_eval_pairs": 16
}