{
  "rm_score_mean": 0.24568939208984375,
  "rm_win_rate_vs_sft": 0.0,
  "kl_from_reference": -0.0003237479759263806,
  "num_eval_prompts": 4,
  "preference_accuracy": 0.75,
  "num_eval_pairs": 4
}