{
  "rm_score_mean": -2.310103759765625,
  "rm_win_rate_vs_sft": 0.4399999976158142,
  "kl_from_reference": 0.019182742607986438,
  "kl_mode": "full_vocab",
  "mean_response_length": 16.125,
  "num_eval_prompts": 200,
  "preference_accuracy": 0.5550000071525574,
  "num_eval_pairs": 200
}