{
  "rm_score_mean": -2.327919921875,
  "rm_win_rate_vs_sft": 0.4399999976158142,
  "kl_from_reference": 0.026881094216098946,
  "kl_mode": "full_vocab",
  "mean_response_length": 12.8,
  "num_eval_prompts": 50,
  "preference_accuracy": 0.5550000071525574,
  "num_eval_pairs": 200
}