{
  "rm_score_mean": -2.30989501953125,
  "rm_win_rate_vs_sft": 0.4000000059604645,
  "kl_from_reference": 0.012582455653636908,
  "kl_mode": "full_vocab",
  "mean_response_length": 24.04,
  "num_eval_prompts": 200,
  "preference_accuracy": 0.5600000023841858,
  "num_eval_pairs": 200
}