{
  "rm_score_mean": -2.372109375,
  "rm_win_rate_vs_sft": 0.46000000834465027,
  "kl_from_reference": 0.044884226877580986,
  "kl_mode": "full_vocab",
  "mean_response_length": 8.66,
  "num_eval_prompts": 50,
  "preference_accuracy": 0.550000011920929,
  "num_eval_pairs": 200
}