{
  "rm_score_mean": -2.323896484375,
  "rm_win_rate_vs_sft": 0.5400000214576721,
  "kl_from_reference": 0.013768872249986708,
  "kl_mode": "full_vocab",
  "mean_response_length": 19.66,
  "num_eval_prompts": 50
}