{
  "rm_score_mean": -1.6772216796875,
  "rm_win_rate_vs_sft": 0.7799999713897705,
  "kl_from_reference": 0.025337862115509615,
  "kl_mode": "full_vocab",
  "mean_response_length": 21.84,
  "num_eval_prompts": 50
}