{
  "rm_score_mean": -2.446494140625,
  "rm_win_rate_vs_sft": 0.4000000059604645,
  "kl_from_reference": 0.010305086274597784,
  "kl_mode": "full_vocab",
  "mean_response_length": 18.76,
  "num_eval_prompts": 50
}