{
  "rm_score_mean": -2.31912109375,
  "rm_win_rate_vs_sft": 0.4650000035762787,
  "kl_from_reference": 0.05038761775426919,
  "kl_mode": "full_vocab",
  "mean_response_length": 8.44,
  "num_eval_prompts": 200,
  "preference_accuracy": 0.550000011920929,
  "num_eval_pairs": 200
}