{
  "rm_score_mean": -2.59630859375,
  "rm_win_rate_vs_sft": 0.47999998927116394,
  "kl_from_reference": 0.01846228564607686,
  "kl_mode": "full_vocab",
  "mean_response_length": 29.12,
  "num_eval_prompts": 50
}