{
  "rm_score_mean": -2.43572265625,
  "rm_win_rate_vs_sft": 0.3799999952316284,
  "kl_from_reference": 0.016410285120450733,
  "kl_mode": "full_vocab",
  "mean_response_length": 20.78,
  "num_eval_prompts": 50
}