{
  "rm_score_mean": -1.849443359375,
  "rm_win_rate_vs_sft": 0.7200000286102295,
  "kl_from_reference": 0.0185284075394401,
  "kl_mode": "full_vocab",
  "mean_response_length": 22.56,
  "num_eval_prompts": 50
}