{
  "rm_score_mean": -2.47580078125,
  "rm_win_rate_vs_sft": 0.4000000059604645,
  "kl_from_reference": 0.015866199165713614,
  "kl_mode": "full_vocab",
  "mean_response_length": 21.06,
  "num_eval_prompts": 50
}