{
  "rm_score_mean": -2.3324658203125,
  "rm_win_rate_vs_sft": 0.41999998688697815,
  "kl_from_reference": 0.01740426503625051,
  "kl_mode": "full_vocab",
  "mean_response_length": 11.72,
  "num_eval_prompts": 50,
  "preference_accuracy": 0.550000011920929,
  "num_eval_pairs": 200
}