{
  "rm_score_mean": -2.2630517578125,
  "rm_win_rate_vs_sft": 0.44999998807907104,
  "kl_from_reference": 0.017889928343853483,
  "kl_mode": "full_vocab",
  "mean_response_length": 11.355,
  "num_eval_prompts": 200,
  "preference_accuracy": 0.550000011920929,
  "num_eval_pairs": 200
}