{
  "rm_score_mean": -2.3691796875,
  "rm_win_rate_vs_sft": 0.46000000834465027,
  "kl_from_reference": 0.045630333724613704,
  "kl_mode": "full_vocab",
  "mean_response_length": 8.64,
  "num_eval_prompts": 50,
  "preference_accuracy": 0.550000011920929,
  "num_eval_pairs": 200
}