{
  "rm_score_mean": -0.28759765625,
  "rm_win_rate_vs_sft": 0.0,
  "kl_from_reference": -0.0007198630555649288,
  "num_eval_prompts": 4
}