kind,score
chosen,3.208984375
chosen,5.45703125
chosen,4.72265625
chosen,4.4921875
rejected,3.24609375
rejected,3.146484375
rejected,2.38671875
rejected,3.927734375
