{
  "preference_accuracy": 0.5912067294120789,
  "mean_chosen_score": -0.6997655630111694,
  "mean_rejected_score": -0.9817067980766296,
  "num_pairs": 8552
}